ID,Y,X
164,37.24840874,127.4163564
